Image Name,True Class,PT Pred Class,PT Conf (%),ONNX Pred Class,ONNX Conf (%),Class Match?,Conf Difference (%)
heart (101).jpg,heart,heart,45.2567,heart,44.7068,YES,0.5499
heart (102).jpg,heart,heart,99.9954,heart,99.9953,YES,0.0001
heart (123).jpg,heart,square,58.8538,square,58.3901,YES,0.4637
heart (13).jpg,heart,heart,99.9990,heart,99.9990,YES,0.0001
heart (135).jpg,heart,heart,99.9982,heart,99.9982,YES,0.0000
heart (136).jpg,heart,heart,99.9405,heart,99.9409,YES,0.0005
heart (137).jpg,heart,heart,99.9903,heart,99.9904,YES,0.0001
heart (138).jpg,heart,heart,85.7600,heart,85.8983,YES,0.1383
heart (139).jpg,heart,heart,99.4917,heart,99.4939,YES,0.0022
heart (140).jpg,heart,heart,62.6807,heart,62.7492,YES,0.0685
heart (141).jpg,heart,heart,99.9546,heart,99.9542,YES,0.0004
heart (156).jpg,heart,round,84.0888,round,84.1168,YES,0.0280
heart (161).jpg,heart,heart,99.9998,heart,99.9998,YES,0.0000
heart (163).jpg,heart,heart,94.2140,heart,94.2318,YES,0.0178
heart (189).jpg,heart,heart,41.4531,heart,43.0590,YES,1.6059
heart (192).jpg,heart,round,57.0746,round,56.0222,YES,1.0524
heart (194).jpg,heart,heart,98.6354,heart,98.6319,YES,0.0035
heart (196).jpg,heart,heart,99.7465,heart,99.7547,YES,0.0082
heart (197).jpg,heart,heart,99.9997,heart,99.9997,YES,0.0000
heart (200).jpg,heart,heart,99.8598,heart,99.8590,YES,0.0008
heart (203).jpg,heart,heart,99.9072,heart,99.9105,YES,0.0032
heart (204).jpg,heart,heart,89.2033,heart,88.9197,YES,0.2836
heart (223).jpg,heart,heart,65.7177,heart,66.2872,YES,0.5695
heart (224).jpg,heart,heart,99.6333,heart,99.6380,YES,0.0046
heart (225).jpg,heart,heart,99.6066,heart,99.5940,YES,0.0126
heart (226).jpg,heart,heart,86.3835,heart,86.0817,YES,0.3019
heart (227).jpg,heart,heart,99.9872,heart,99.9875,YES,0.0004
heart (228).jpg,heart,oval,98.6298,oval,98.6625,YES,0.0328
heart (229).jpg,heart,round,49.7435,round,49.9596,YES,0.2160
heart (230).jpg,heart,heart,99.9957,heart,99.9958,YES,0.0000
heart (233).jpg,heart,heart,99.7619,heart,99.7678,YES,0.0059
heart (234).jpg,heart,heart,82.5756,heart,82.5144,YES,0.0612
heart (235).jpg,heart,heart,99.9745,heart,99.9749,YES,0.0005
heart (236).jpg,heart,heart,99.9910,heart,99.9907,YES,0.0003
heart (237).jpg,heart,heart,97.5991,heart,97.6462,YES,0.0471
heart (238).jpg,heart,heart,96.7784,heart,96.7397,YES,0.0387
heart (239).jpg,heart,heart,99.9363,heart,99.9365,YES,0.0002
heart (240).jpg,heart,heart,95.6804,heart,95.7498,YES,0.0694
heart (249).jpg,heart,heart,99.9876,heart,99.9875,YES,0.0000
heart (260).jpg,heart,oblong,93.4561,oblong,93.2457,YES,0.2103
heart (271).jpg,heart,heart,55.3377,heart,54.8523,YES,0.4854
heart (282).jpg,heart,heart,99.9654,heart,99.9655,YES,0.0001
heart (283).jpg,heart,heart,99.3804,heart,99.3787,YES,0.0017
heart (291).jpg,heart,heart,99.9609,heart,99.9609,YES,0.0001
heart (294).jpg,heart,heart,99.9754,heart,99.9749,YES,0.0004
heart (3).jpg,heart,heart,95.3447,heart,95.2645,YES,0.0801
heart (303).jpg,heart,oblong,88.0199,oblong,88.0656,YES,0.0457
heart (313).jpg,heart,heart,99.9778,heart,99.9775,YES,0.0003
heart (323).jpg,heart,heart,99.9221,heart,99.9220,YES,0.0001
heart (326).jpg,heart,heart,86.8981,heart,87.0419,YES,0.1438
heart (333).jpg,heart,heart,99.9999,heart,99.9999,YES,0.0000
heart (334).jpg,heart,heart,99.9913,heart,99.9913,YES,0.0000
heart (336).jpg,heart,heart,97.8138,heart,97.7861,YES,0.0277
heart (341).jpg,heart,heart,99.9859,heart,99.9863,YES,0.0004
heart (343).jpg,heart,heart,99.8733,heart,99.8736,YES,0.0003
heart (344).jpg,heart,heart,99.8456,heart,99.8507,YES,0.0051
heart (354).jpg,heart,heart,99.9992,heart,99.9992,YES,0.0000
heart (358).jpg,heart,heart,80.7170,heart,81.2649,YES,0.5479
heart (362).jpg,heart,heart,99.9050,heart,99.9063,YES,0.0013
heart (364).jpg,heart,heart,99.9216,heart,99.9202,YES,0.0014
heart (365).jpg,heart,heart,99.9337,heart,99.9322,YES,0.0016
heart (37).jpg,heart,heart,99.9999,heart,99.9999,YES,0.0000
heart (375).jpg,heart,heart,99.9030,heart,99.9032,YES,0.0002
heart (377).jpg,heart,heart,99.9992,heart,99.9992,YES,0.0000
heart (379).jpg,heart,heart,99.9998,heart,99.9998,YES,0.0000
heart (381).jpg,heart,heart,97.6356,heart,97.5844,YES,0.0511
heart (39).jpg,heart,heart,99.9954,heart,99.9952,YES,0.0001
heart (395).jpg,heart,round,65.6681,round,66.4475,YES,0.7795
heart (404).jpg,heart,heart,99.9995,heart,99.9995,YES,0.0000
heart (413).jpg,heart,heart,99.9853,heart,99.9849,YES,0.0004
heart (414).jpg,heart,heart,98.1431,heart,98.0887,YES,0.0544
heart (415).jpg,heart,heart,99.9985,heart,99.9985,YES,0.0000
heart (416).jpg,heart,heart,99.9779,heart,99.9776,YES,0.0003
heart (417).jpg,heart,heart,61.1448,heart,60.6452,YES,0.4995
heart (418).jpg,heart,heart,98.5038,heart,98.4656,YES,0.0382
heart (419).jpg,heart,oval,93.0396,oval,93.1676,YES,0.1280
heart (420).jpg,heart,heart,94.8483,heart,94.7190,YES,0.1292
heart (421).jpg,heart,heart,99.9985,heart,99.9985,YES,0.0000
heart (431).jpg,heart,heart,99.9996,heart,99.9996,YES,0.0000
heart (433).jpg,heart,heart,86.9270,heart,86.8901,YES,0.0369
heart (436).jpg,heart,heart,99.9958,heart,99.9958,YES,0.0000
heart (438).jpg,heart,heart,99.9648,heart,99.9647,YES,0.0002
heart (442).jpg,heart,oblong,47.1842,oblong,46.4436,YES,0.7407
heart (445).jpg,heart,oblong,82.0010,oblong,81.4877,YES,0.5133
heart (446).jpg,heart,heart,79.6741,heart,79.3736,YES,0.3005
heart (450).jpg,heart,heart,99.8010,heart,99.7983,YES,0.0027
heart (452).jpg,heart,heart,99.8135,heart,99.8194,YES,0.0059
heart (453).jpg,heart,heart,99.9861,heart,99.9859,YES,0.0002
heart (454).jpg,heart,heart,99.9126,heart,99.9119,YES,0.0006
heart (455).jpg,heart,heart,65.8449,heart,65.1210,YES,0.7239
heart (456).jpg,heart,heart,87.4227,heart,87.6731,YES,0.2504
heart (462).jpg,heart,heart,99.8825,heart,99.8846,YES,0.0020
heart (465).jpg,heart,heart,99.9999,heart,99.9999,YES,0.0000
heart (474).jpg,heart,heart,98.1042,heart,98.1184,YES,0.0142
heart (483).jpg,heart,heart,99.7199,heart,99.7132,YES,0.0068
heart (485).jpg,heart,heart,99.8326,heart,99.8361,YES,0.0035
heart (487).jpg,heart,heart,99.9963,heart,99.9962,YES,0.0001
heart (488).jpg,heart,heart,99.9231,heart,99.9247,YES,0.0016
heart (491).jpg,heart,heart,99.9896,heart,99.9897,YES,0.0002
heart (493).jpg,heart,heart,99.9899,heart,99.9899,YES,0.0000
heart (5).jpg,heart,round,49.7825,round,49.1263,YES,0.6562
heart (505).jpg,heart,heart,99.9432,heart,99.9444,YES,0.0012
heart (507).jpg,heart,heart,91.6433,heart,91.9520,YES,0.3088
heart (518).jpg,heart,heart,99.9061,heart,99.9042,YES,0.0018
heart (522).jpg,heart,heart,99.9995,heart,99.9995,YES,0.0000
heart (523).jpg,heart,heart,99.9748,heart,99.9749,YES,0.0001
heart (525).jpg,heart,heart,98.4221,heart,98.4449,YES,0.0228
heart (535).jpg,heart,heart,99.7136,heart,99.7167,YES,0.0031
heart (536).jpg,heart,heart,99.9980,heart,99.9980,YES,0.0000
heart (553).jpg,heart,heart,99.9864,heart,99.9866,YES,0.0002
heart (576).jpg,heart,heart,99.9453,heart,99.9453,YES,0.0000
heart (577).jpg,heart,heart,99.7483,heart,99.7395,YES,0.0088
heart (578).jpg,heart,heart,77.0171,heart,76.7639,YES,0.2532
heart (579).jpg,heart,heart,95.2403,heart,95.1784,YES,0.0619
heart (580).jpg,heart,heart,81.6296,heart,81.5651,YES,0.0646
heart (583).jpg,heart,heart,93.0807,heart,93.1380,YES,0.0573
heart (592).jpg,heart,heart,99.9942,heart,99.9943,YES,0.0001
heart (597).jpg,heart,heart,81.4898,heart,81.7712,YES,0.2815
heart (602).jpg,heart,round,56.7076,round,56.4636,YES,0.2440
heart (603).jpg,heart,heart,99.8835,heart,99.8798,YES,0.0037
heart (606).jpg,heart,heart,100.0000,heart,100.0000,YES,0.0000
heart (609).jpg,heart,heart,99.9884,heart,99.9887,YES,0.0003
heart (612).jpg,heart,heart,96.8760,heart,96.7957,YES,0.0803
heart (615).jpg,heart,heart,99.8399,heart,99.8371,YES,0.0028
heart (617).jpg,heart,heart,97.9972,heart,97.9560,YES,0.0412
heart (624).jpg,heart,heart,99.6698,heart,99.6759,YES,0.0060
heart (641).jpg,heart,heart,99.9973,heart,99.9973,YES,0.0000
heart (644).jpg,heart,heart,99.9971,heart,99.9970,YES,0.0002
heart (647).jpg,heart,heart,99.9996,heart,99.9996,YES,0.0000
heart (648).jpg,heart,heart,100.0000,heart,100.0000,YES,0.0000
heart (649).jpg,heart,heart,99.9664,heart,99.9657,YES,0.0008
heart (650).jpg,heart,heart,97.3294,heart,97.3305,YES,0.0011
heart (651).jpg,heart,heart,99.9722,heart,99.9720,YES,0.0002
heart (657).jpg,heart,round,54.3816,round,54.5475,YES,0.1659
heart (658).jpg,heart,heart,79.2312,heart,79.8909,YES,0.6596
heart (659).jpg,heart,heart,77.6073,heart,77.3213,YES,0.2860
heart (660).jpg,heart,heart,99.5609,heart,99.5448,YES,0.0161
heart (661).jpg,heart,heart,98.7022,heart,98.6993,YES,0.0029
heart (665).jpg,heart,heart,96.8181,heart,96.9062,YES,0.0881
heart (673).jpg,heart,heart,99.8773,heart,99.8788,YES,0.0014
heart (674).jpg,heart,heart,99.7134,heart,99.7081,YES,0.0053
heart (675).jpg,heart,heart,86.1364,heart,86.1487,YES,0.0123
heart (676).jpg,heart,oblong,90.4466,oblong,90.3248,YES,0.1217
heart (683).jpg,heart,heart,99.4286,heart,99.4352,YES,0.0066
heart (685).jpg,heart,heart,99.9989,heart,99.9990,YES,0.0000
heart (686).jpg,heart,heart,99.9286,heart,99.9279,YES,0.0007
heart (691).jpg,heart,heart,99.9993,heart,99.9993,YES,0.0000
heart (7).jpg,heart,heart,99.8133,heart,99.8128,YES,0.0005
heart (702).jpg,heart,oval,43.7034,oval,44.1257,YES,0.4223
heart (703).jpg,heart,heart,99.6877,heart,99.6911,YES,0.0034
heart (712).jpg,heart,heart,99.9786,heart,99.9790,YES,0.0004
heart (722).jpg,heart,heart,99.9804,heart,99.9804,YES,0.0000
heart (724).jpg,heart,heart,71.7771,heart,71.7573,YES,0.0198
heart (726).jpg,heart,heart,98.4768,heart,98.4919,YES,0.0151
heart (743).jpg,heart,heart,95.8855,heart,95.9041,YES,0.0186
heart (757).jpg,heart,heart,99.3715,heart,99.3686,YES,0.0030
heart (766).jpg,heart,heart,99.9992,heart,99.9992,YES,0.0000
heart (767).jpg,heart,heart,99.9998,heart,99.9998,YES,0.0000
heart (768).jpg,heart,heart,87.0700,heart,86.7875,YES,0.2825
heart (769).jpg,heart,heart,99.9997,heart,99.9997,YES,0.0000
heart (770).jpg,heart,heart,99.1079,heart,99.1051,YES,0.0028
heart (776).jpg,heart,heart,99.8230,heart,99.8229,YES,0.0001
heart (777).jpg,heart,heart,99.9964,heart,99.9964,YES,0.0000
heart (778).jpg,heart,heart,99.8520,heart,99.8534,YES,0.0014
heart (779).jpg,heart,heart,100.0000,heart,100.0000,YES,0.0000
heart (780).jpg,heart,heart,99.8287,heart,99.8239,YES,0.0048
heart (786).jpg,heart,heart,97.8175,heart,97.8376,YES,0.0201
heart (787).jpg,heart,heart,99.6203,heart,99.6189,YES,0.0014
heart (788).jpg,heart,heart,96.8632,heart,96.8127,YES,0.0505
heart (789).jpg,heart,heart,99.9993,heart,99.9993,YES,0.0000
heart (790).jpg,heart,heart,99.9819,heart,99.9820,YES,0.0001
heart (803).jpg,heart,heart,77.8932,heart,78.0032,YES,0.1099
heart (843).jpg,heart,heart,98.1371,heart,98.2055,YES,0.0684
heart (851).jpg,heart,heart,99.9953,heart,99.9954,YES,0.0001
heart (854).jpg,heart,heart,98.9310,heart,98.9680,YES,0.0370
heart (856).jpg,heart,heart,99.9412,heart,99.9419,YES,0.0007
heart (864).jpg,heart,heart,99.2179,heart,99.2444,YES,0.0265
heart (872).jpg,heart,oblong,78.4361,oblong,77.6350,YES,0.8011
heart (873).jpg,heart,oval,73.6368,oval,74.4106,YES,0.7737
heart (892).jpg,heart,round,78.7922,round,79.2325,YES,0.4403
heart (901).jpg,heart,heart,99.9561,heart,99.9562,YES,0.0001
heart (91).jpg,heart,oblong,84.6357,oblong,84.5058,YES,0.1299
heart (910).jpg,heart,oval,94.2864,oval,94.3798,YES,0.0934
heart (912).jpg,heart,heart,50.8633,heart,52.8384,YES,1.9750
heart (913).jpg,heart,heart,99.9257,heart,99.9258,YES,0.0001
heart (918).jpg,heart,heart,99.9965,heart,99.9966,YES,0.0000
heart (919).jpg,heart,heart,99.9819,heart,99.9824,YES,0.0004
heart (92).jpg,heart,heart,99.9707,heart,99.9717,YES,0.0010
heart (920).jpg,heart,heart,99.9911,heart,99.9913,YES,0.0002
heart (923).jpg,heart,heart,76.2513,heart,76.7460,YES,0.4947
heart (928).jpg,heart,heart,99.9440,heart,99.9396,YES,0.0044
heart (929).jpg,heart,heart,100.0000,heart,100.0000,YES,0.0000
heart (930).jpg,heart,heart,99.9441,heart,99.9469,YES,0.0028
heart (94).jpg,heart,heart,99.9954,heart,99.9954,YES,0.0000
heart (942).jpg,heart,heart,80.1589,heart,79.7495,YES,0.4094
heart (971).jpg,heart,heart,99.8782,heart,99.8797,YES,0.0016
heart (973).jpg,heart,heart,58.8673,heart,58.5458,YES,0.3215
heart (975).jpg,heart,heart,94.8821,heart,94.8948,YES,0.0127
heart (986).jpg,heart,heart,99.9602,heart,99.9605,YES,0.0003
heart (995).jpg,heart,round,81.5232,round,81.7796,YES,0.2564
oblong (10).jpg,oblong,oblong,99.9788,oblong,99.9780,YES,0.0007
oblong (106).jpg,oblong,oblong,99.8846,oblong,99.8821,YES,0.0025
oblong (107).jpg,oblong,oblong,54.8071,oblong,51.4200,YES,3.3871
oblong (11).jpg,oblong,oblong,99.9976,oblong,99.9976,YES,0.0000
oblong (13).jpg,oblong,oblong,99.9978,oblong,99.9978,YES,0.0000
oblong (139).jpg,oblong,oblong,99.9996,oblong,99.9996,YES,0.0000
oblong (14).jpg,oblong,oblong,99.9990,oblong,99.9990,YES,0.0000
oblong (143).jpg,oblong,oblong,99.9989,oblong,99.9989,YES,0.0000
oblong (144).jpg,oblong,oblong,99.9989,oblong,99.9989,YES,0.0000
oblong (146).jpg,oblong,oblong,99.9999,oblong,99.9999,YES,0.0000
oblong (147).jpg,oblong,heart,50.0263,heart,51.2739,YES,1.2475
oblong (148).jpg,oblong,oblong,99.9962,oblong,99.9961,YES,0.0001
oblong (149).jpg,oblong,oblong,98.0160,oblong,97.9900,YES,0.0260
oblong (15).jpg,oblong,oblong,100.0000,oblong,100.0000,YES,0.0000
oblong (150).jpg,oblong,oblong,99.9999,oblong,99.9999,YES,0.0000
oblong (151).jpg,oblong,oblong,99.9965,oblong,99.9964,YES,0.0000
oblong (152).jpg,oblong,oblong,99.9961,oblong,99.9960,YES,0.0001
oblong (154).jpg,oblong,oblong,98.2249,oblong,98.1377,YES,0.0872
oblong (155).jpg,oblong,oblong,99.9988,oblong,99.9988,YES,0.0000
oblong (156).jpg,oblong,oblong,99.9997,oblong,99.9997,YES,0.0000
oblong (157).jpg,oblong,oblong,99.9254,oblong,99.9249,YES,0.0005
oblong (158).jpg,oblong,oblong,99.9590,oblong,99.9589,YES,0.0002
oblong (179).jpg,oblong,oblong,100.0000,oblong,100.0000,YES,0.0000
oblong (181).jpg,oblong,oblong,99.9996,oblong,99.9996,YES,0.0000
oblong (191).jpg,oblong,oblong,99.9925,oblong,99.9927,YES,0.0002
oblong (192).jpg,oblong,oblong,99.9998,oblong,99.9998,YES,0.0000
oblong (193).jpg,oblong,oval,70.0653,oval,70.3608,YES,0.2955
oblong (197).jpg,oblong,oblong,97.8326,oblong,97.8844,YES,0.0517
oblong (205).jpg,oblong,oblong,100.0000,oblong,100.0000,YES,0.0000
oblong (21).jpg,oblong,oblong,64.1562,oblong,64.9727,YES,0.8165
oblong (216).jpg,oblong,oblong,99.9999,oblong,99.9999,YES,0.0000
oblong (217).jpg,oblong,oblong,99.9988,oblong,99.9988,YES,0.0000
oblong (22).jpg,oblong,oblong,99.9890,oblong,99.9887,YES,0.0003
oblong (242).jpg,oblong,oblong,99.9990,oblong,99.9990,YES,0.0000
oblong (256).jpg,oblong,oblong,99.9185,oblong,99.9146,YES,0.0039
oblong (26).jpg,oblong,oblong,99.9995,oblong,99.9995,YES,0.0000
oblong (272).jpg,oblong,oblong,99.9013,oblong,99.9012,YES,0.0000
oblong (278).jpg,oblong,oblong,100.0000,oblong,100.0000,YES,0.0000
oblong (280).jpg,oblong,oblong,99.9946,oblong,99.9945,YES,0.0001
oblong (307).jpg,oblong,oblong,99.8764,oblong,99.8743,YES,0.0022
oblong (313).jpg,oblong,oblong,99.8966,oblong,99.8980,YES,0.0014
oblong (314).jpg,oblong,oblong,99.2609,oblong,99.2434,YES,0.0175
oblong (315).jpg,oblong,oblong,99.9998,oblong,99.9998,YES,0.0000
oblong (316).jpg,oblong,oblong,65.0791,oblong,65.8351,YES,0.7560
oblong (317).jpg,oblong,oblong,99.9991,oblong,99.9990,YES,0.0000
oblong (318).jpg,oblong,oblong,99.4626,oblong,99.4603,YES,0.0024
oblong (319).jpg,oblong,oblong,99.9618,oblong,99.9622,YES,0.0004
oblong (320).jpg,oblong,oblong,98.8157,oblong,98.8119,YES,0.0038
oblong (321).jpg,oblong,oblong,99.7586,oblong,99.7560,YES,0.0026
oblong (322).jpg,oblong,oblong,100.0000,oblong,99.9999,YES,0.0000
oblong (323).jpg,oblong,oblong,99.9992,oblong,99.9992,YES,0.0000
oblong (324).jpg,oblong,oblong,99.9998,oblong,99.9998,YES,0.0000
oblong (325).jpg,oblong,oblong,99.9999,oblong,99.9999,YES,0.0000
oblong (326).jpg,oblong,oblong,94.0242,oblong,93.9752,YES,0.0490
oblong (327).jpg,oblong,oblong,99.9996,oblong,99.9996,YES,0.0000
oblong (329).jpg,oblong,oblong,99.7754,oblong,99.7698,YES,0.0056
oblong (335).jpg,oblong,oblong,99.9991,oblong,99.9991,YES,0.0000
oblong (337).jpg,oblong,oblong,99.9990,oblong,99.9991,YES,0.0000
oblong (339).jpg,oblong,oblong,100.0000,oblong,100.0000,YES,0.0000
oblong (34).jpg,oblong,oblong,99.9928,oblong,99.9926,YES,0.0001
oblong (356).jpg,oblong,oblong,99.2276,oblong,99.2246,YES,0.0030
oblong (365).jpg,oblong,oblong,98.5488,oblong,98.5367,YES,0.0122
oblong (381).jpg,oblong,oblong,99.9997,oblong,99.9997,YES,0.0000
oblong (383).jpg,oblong,oblong,100.0000,oblong,100.0000,YES,0.0000
oblong (408).jpg,oblong,oblong,99.9923,oblong,99.9920,YES,0.0002
oblong (439).jpg,oblong,oblong,99.9961,oblong,99.9962,YES,0.0000
oblong (447).jpg,oblong,oblong,99.9999,oblong,99.9999,YES,0.0000
oblong (461).jpg,oblong,oblong,93.6168,oblong,93.6465,YES,0.0297
oblong (471).jpg,oblong,oblong,92.3784,oblong,92.2467,YES,0.1317
oblong (477).jpg,oblong,oblong,99.9343,oblong,99.9311,YES,0.0032
oblong (494).jpg,oblong,oblong,99.9908,oblong,99.9909,YES,0.0000
oblong (495).jpg,oblong,oblong,99.9819,oblong,99.9808,YES,0.0011
oblong (496).jpg,oblong,oblong,99.9587,oblong,99.9561,YES,0.0026
oblong (503).jpg,oblong,oblong,99.9996,oblong,99.9996,YES,0.0000
oblong (508).jpg,oblong,oblong,100.0000,oblong,100.0000,YES,0.0000
oblong (509).jpg,oblong,oblong,95.7296,oblong,95.6323,YES,0.0973
oblong (516).jpg,oblong,oblong,99.9995,oblong,99.9995,YES,0.0000
oblong (521).jpg,oblong,oblong,99.9991,oblong,99.9991,YES,0.0000
oblong (530).jpg,oblong,oblong,99.9999,oblong,99.9999,YES,0.0000
oblong (547).jpg,oblong,oblong,99.7912,oblong,99.7856,YES,0.0055
oblong (548).jpg,oblong,oblong,99.9630,oblong,99.9613,YES,0.0017
oblong (549).jpg,oblong,oblong,73.0982,oblong,72.4678,YES,0.6304
oblong (55).jpg,oblong,round,68.8826,round,68.7130,YES,0.1696
oblong (550).jpg,oblong,oval,99.9677,oval,99.9677,YES,0.0000
oblong (551).jpg,oblong,oblong,92.0579,oblong,91.6189,YES,0.4390
oblong (552).jpg,oblong,oblong,99.9674,oblong,99.9679,YES,0.0005
oblong (553).jpg,oblong,oblong,99.9965,oblong,99.9965,YES,0.0000
oblong (554).jpg,oblong,oblong,68.2108,oblong,68.1670,YES,0.0438
oblong (555).jpg,oblong,oblong,99.9997,oblong,99.9998,YES,0.0000
oblong (556).jpg,oblong,oblong,99.9959,oblong,99.9958,YES,0.0001
oblong (557).jpg,oblong,oblong,99.9920,oblong,99.9920,YES,0.0000
oblong (558).jpg,oblong,oblong,99.9843,oblong,99.9842,YES,0.0002
oblong (559).jpg,oblong,oblong,85.4027,oblong,84.9880,YES,0.4147
oblong (560).jpg,oblong,oblong,99.9986,oblong,99.9986,YES,0.0000
oblong (563).jpg,oblong,oblong,99.9998,oblong,99.9998,YES,0.0000
oblong (576).jpg,oblong,oblong,99.9999,oblong,99.9999,YES,0.0000
oblong (583).jpg,oblong,oblong,99.9999,oblong,99.9999,YES,0.0000
oblong (6).jpg,oblong,oblong,99.9973,oblong,99.9973,YES,0.0000
oblong (604).jpg,oblong,oblong,99.9996,oblong,99.9997,YES,0.0000
oblong (62).jpg,oblong,oblong,99.9793,oblong,99.9784,YES,0.0008
oblong (622).jpg,oblong,oblong,99.9782,oblong,99.9783,YES,0.0000
oblong (640).jpg,oblong,oblong,99.9987,oblong,99.9987,YES,0.0000
oblong (662).jpg,oblong,oblong,61.1315,oblong,60.0725,YES,1.0590
oblong (664).jpg,oblong,oblong,99.9992,oblong,99.9992,YES,0.0000
oblong (675).jpg,oblong,round,70.6297,round,70.1366,YES,0.4932
oblong (676).jpg,oblong,oblong,99.9967,oblong,99.9969,YES,0.0001
oblong (677).jpg,oblong,oblong,99.9999,oblong,99.9999,YES,0.0000
oblong (678).jpg,oblong,oblong,99.9989,oblong,99.9989,YES,0.0000
oblong (679).jpg,oblong,oblong,99.9252,oblong,99.9248,YES,0.0004
oblong (680).jpg,oblong,oblong,99.9503,oblong,99.9508,YES,0.0005
oblong (681).jpg,oblong,oblong,99.9447,oblong,99.9429,YES,0.0019
oblong (682).jpg,oblong,oblong,99.4907,oblong,99.4819,YES,0.0088
oblong (683).jpg,oblong,oblong,82.5858,oblong,82.3403,YES,0.2455
oblong (684).jpg,oblong,oblong,99.9992,oblong,99.9992,YES,0.0000
oblong (685).jpg,oblong,oblong,99.9967,oblong,99.9967,YES,0.0000
oblong (686).jpg,oblong,oblong,99.8180,oblong,99.8121,YES,0.0059
oblong (687).jpg,oblong,oblong,99.9979,oblong,99.9979,YES,0.0000
oblong (688).jpg,oblong,oblong,99.9999,oblong,99.9999,YES,0.0000
oblong (691).jpg,oblong,oblong,99.9976,oblong,99.9977,YES,0.0001
oblong (692).jpg,oblong,oval,47.0408,oval,47.0743,YES,0.0335
oblong (694).jpg,oblong,oblong,99.9808,oblong,99.9806,YES,0.0002
oblong (695).jpg,oblong,round,99.0498,round,99.0459,YES,0.0039
oblong (697).jpg,oblong,oblong,100.0000,oblong,100.0000,YES,0.0000
oblong (698).jpg,oblong,oblong,99.9845,oblong,99.9849,YES,0.0004
oblong (699).jpg,oblong,oblong,99.9762,oblong,99.9762,YES,0.0000
oblong (7).jpg,oblong,oblong,96.2565,oblong,96.1089,YES,0.1477
oblong (700).jpg,oblong,oval,75.7305,oval,76.0660,YES,0.3355
oblong (701).jpg,oblong,oblong,99.8955,oblong,99.8973,YES,0.0018
oblong (702).jpg,oblong,oblong,100.0000,oblong,100.0000,YES,0.0000
oblong (703).jpg,oblong,oblong,99.9999,oblong,99.9999,YES,0.0000
oblong (704).jpg,oblong,oblong,100.0000,oblong,100.0000,YES,0.0000
oblong (705).jpg,oblong,oblong,97.8097,oblong,97.6842,YES,0.1256
oblong (706).jpg,oblong,oblong,99.9996,oblong,99.9996,YES,0.0000
oblong (707).jpg,oblong,oblong,99.9339,oblong,99.9338,YES,0.0000
oblong (708).jpg,oblong,oblong,99.9869,oblong,99.9868,YES,0.0001
oblong (710).jpg,oblong,oblong,99.9988,oblong,99.9988,YES,0.0000
oblong (734).jpg,oblong,oblong,99.3048,oblong,99.2910,YES,0.0138
oblong (8).jpg,oblong,oblong,99.9899,oblong,99.9901,YES,0.0003
oblong (802).jpg,oblong,oblong,99.7421,oblong,99.7349,YES,0.0072
oblong (81).jpg,oblong,oblong,99.9986,oblong,99.9986,YES,0.0000
oblong (83).jpg,oblong,oblong,99.9699,oblong,99.9698,YES,0.0001
oblong (834).jpg,oblong,oblong,99.9319,oblong,99.9319,YES,0.0000
oblong (857).jpg,oblong,oblong,100.0000,oblong,100.0000,YES,0.0000
oblong (873).jpg,oblong,oblong,99.9997,oblong,99.9997,YES,0.0000
oblong (875).jpg,oblong,oblong,99.9860,oblong,99.9854,YES,0.0006
oblong (877).jpg,oblong,oblong,99.9886,oblong,99.9885,YES,0.0002
oblong (878).jpg,oblong,oblong,99.9926,oblong,99.9925,YES,0.0001
oblong (879).jpg,oblong,oblong,99.9841,oblong,99.9839,YES,0.0002
oblong (881).jpg,oblong,oblong,97.9273,oblong,97.8073,YES,0.1199
oblong (882).jpg,oblong,oblong,99.9906,oblong,99.9904,YES,0.0002
oblong (884).jpg,oblong,oblong,99.9986,oblong,99.9985,YES,0.0000
oblong (885).jpg,oblong,oblong,99.9966,oblong,99.9966,YES,0.0000
oblong (886).jpg,oblong,oblong,99.9995,oblong,99.9995,YES,0.0000
oblong (887).jpg,oblong,oblong,99.9990,oblong,99.9990,YES,0.0000
oblong (888).jpg,oblong,oblong,99.9988,oblong,99.9988,YES,0.0000
oblong (889).jpg,oblong,oblong,99.9992,oblong,99.9992,YES,0.0000
oblong (890).jpg,oblong,oblong,99.9945,oblong,99.9943,YES,0.0002
oblong (891).jpg,oblong,oblong,99.9604,oblong,99.9607,YES,0.0003
oblong (892).jpg,oblong,oblong,99.7147,oblong,99.7084,YES,0.0063
oblong (893).jpg,oblong,oblong,99.9996,oblong,99.9996,YES,0.0000
oblong (894).jpg,oblong,oblong,99.9862,oblong,99.9859,YES,0.0003
oblong (895).jpg,oblong,oblong,99.9972,oblong,99.9972,YES,0.0000
oblong (896).jpg,oblong,oblong,99.9983,oblong,99.9983,YES,0.0000
oblong (897).jpg,oblong,oblong,99.9899,oblong,99.9902,YES,0.0003
oblong (898).jpg,oblong,oblong,99.9997,oblong,99.9997,YES,0.0000
oblong (899).jpg,oblong,oblong,99.7909,oblong,99.7881,YES,0.0028
oblong (9).jpg,oblong,oblong,99.8880,oblong,99.8904,YES,0.0024
oblong (900).jpg,oblong,oblong,99.9826,oblong,99.9827,YES,0.0001
oblong (901).jpg,oblong,oblong,92.6092,oblong,92.4756,YES,0.1336
oblong (905).jpg,oblong,oblong,99.9276,oblong,99.9283,YES,0.0006
oblong (906).jpg,oblong,oblong,99.9907,oblong,99.9907,YES,0.0000
oblong (907).jpg,oblong,oblong,99.9042,oblong,99.9013,YES,0.0029
oblong (908).jpg,oblong,oblong,99.9974,oblong,99.9973,YES,0.0001
oblong (909).jpg,oblong,oblong,99.9993,oblong,99.9993,YES,0.0000
oblong (910).jpg,oblong,oblong,99.9999,oblong,99.9999,YES,0.0000
oblong (911).jpg,oblong,oblong,99.9233,oblong,99.9203,YES,0.0030
oblong (912).jpg,oblong,oblong,94.0702,oblong,94.1054,YES,0.0352
oblong (913).jpg,oblong,oblong,99.9973,oblong,99.9972,YES,0.0000
oblong (914).jpg,oblong,oblong,99.3454,oblong,99.3458,YES,0.0004
oblong (915).jpg,oblong,oblong,99.9964,oblong,99.9963,YES,0.0000
oblong (916).jpg,oblong,oblong,99.9157,oblong,99.9136,YES,0.0021
oblong (917).jpg,oblong,oblong,100.0000,oblong,100.0000,YES,0.0000
oblong (918).jpg,oblong,oblong,99.9992,oblong,99.9992,YES,0.0000
oblong (919).jpg,oblong,oblong,99.9735,oblong,99.9729,YES,0.0007
oblong (920).jpg,oblong,oblong,99.9844,oblong,99.9845,YES,0.0001
oblong (921).jpg,oblong,oblong,99.1608,oblong,99.1716,YES,0.0108
oblong (922).jpg,oblong,oblong,99.9935,oblong,99.9934,YES,0.0000
oblong (923).jpg,oblong,oblong,99.9981,oblong,99.9981,YES,0.0000
oblong (925).jpg,oblong,oval,75.1283,oval,75.5033,YES,0.3750
oblong (926).jpg,oblong,oblong,99.9986,oblong,99.9986,YES,0.0000
oblong (929).jpg,oblong,oblong,98.1807,oblong,98.1376,YES,0.0431
oblong (955).jpg,oblong,oblong,99.9914,oblong,99.9914,YES,0.0000
oblong (964).jpg,oblong,oblong,81.5054,oblong,81.3453,YES,0.1602
oblong (97).jpg,oblong,oblong,99.9998,oblong,99.9998,YES,0.0000
oblong (981).jpg,oblong,oblong,99.9993,oblong,99.9993,YES,0.0000
oblong (987).jpg,oblong,oblong,99.9642,oblong,99.9638,YES,0.0005
oblong (990).jpg,oblong,oblong,99.9997,oblong,99.9997,YES,0.0000
oblong (994).jpg,oblong,oblong,97.4003,oblong,97.3835,YES,0.0168
oblong (996).jpg,oblong,oblong,99.9871,oblong,99.9868,YES,0.0003
oblong (997).jpg,oblong,oblong,99.9922,oblong,99.9921,YES,0.0001
oval (106).jpg,oval,oval,99.9918,oval,99.9921,YES,0.0004
oval (109).jpg,oval,oval,99.9395,oval,99.9391,YES,0.0003
oval (140).jpg,oval,oval,54.5227,oval,54.1955,YES,0.3272
oval (141).jpg,oval,oval,99.8703,oval,99.8724,YES,0.0021
oval (142).jpg,oval,oval,92.2958,oval,92.3124,YES,0.0166
oval (143).jpg,oval,oval,97.8403,oval,97.8625,YES,0.0223
oval (144).jpg,oval,square,88.3045,square,88.1065,YES,0.1979
oval (145).jpg,oval,oval,99.4570,oval,99.4698,YES,0.0128
oval (16).jpg,oval,oval,72.3412,oval,71.9759,YES,0.3653
oval (195).jpg,oval,heart,87.5142,heart,87.0438,YES,0.4704
oval (196).jpg,oval,oval,96.0608,oval,96.0132,YES,0.0476
oval (197).jpg,oval,oval,99.9788,oval,99.9792,YES,0.0004
oval (198).jpg,oval,oval,99.9919,oval,99.9920,YES,0.0001
oval (2).jpg,oval,oval,99.9948,oval,99.9949,YES,0.0002
oval (200).jpg,oval,oval,99.9298,oval,99.9285,YES,0.0013
oval (201).jpg,oval,oval,99.9949,oval,99.9950,YES,0.0001
oval (204).jpg,oval,oval,99.9986,oval,99.9986,YES,0.0000
oval (205).jpg,oval,oval,94.9312,oval,94.9961,YES,0.0649
oval (206).jpg,oval,oval,99.2061,oval,99.2157,YES,0.0096
oval (207).jpg,oval,oval,99.9976,oval,99.9977,YES,0.0000
oval (219).jpg,oval,oval,99.9998,oval,99.9998,YES,0.0000
oval (231).jpg,oval,oval,99.9763,oval,99.9764,YES,0.0001
oval (237).jpg,oval,round,96.6612,round,96.6190,YES,0.0422
oval (246).jpg,oval,oval,78.2386,oval,78.0923,YES,0.1464
oval (249).jpg,oval,oblong,32.8888,oblong,32.3089,YES,0.5799
oval (25).jpg,oval,oval,94.1374,oval,94.1580,YES,0.0206
oval (250).jpg,oval,oval,99.9533,oval,99.9540,YES,0.0007
oval (256).jpg,oval,oval,99.9898,oval,99.9900,YES,0.0002
oval (258).jpg,oval,oval,52.2720,oval,53.2164,YES,0.9444
oval (259).jpg,oval,oval,98.2982,oval,98.3277,YES,0.0294
oval (260).jpg,oval,oval,76.7759,oval,77.0603,YES,0.2844
oval (274).jpg,oval,oval,99.8496,oval,99.8569,YES,0.0073
oval (275).jpg,oval,oval,96.3521,oval,96.4568,YES,0.1046
oval (276).jpg,oval,oval,82.1493,oval,81.9599,YES,0.1895
oval (277).jpg,oval,oval,99.8734,oval,99.8786,YES,0.0052
oval (278).jpg,oval,oval,99.9954,oval,99.9954,YES,0.0000
oval (279).jpg,oval,oval,99.9418,oval,99.9431,YES,0.0013
oval (280).jpg,oval,oval,70.3937,oval,70.2069,YES,0.1868
oval (281).jpg,oval,oval,99.9995,oval,99.9995,YES,0.0000
oval (282).jpg,oval,oval,99.9975,oval,99.9976,YES,0.0000
oval (284).jpg,oval,oval,99.8729,oval,99.8767,YES,0.0037
oval (285).jpg,oval,oval,98.9025,oval,98.9064,YES,0.0039
oval (286).jpg,oval,oval,99.9723,oval,99.9736,YES,0.0013
oval (287).jpg,oval,oval,99.9838,oval,99.9848,YES,0.0010
oval (288).jpg,oval,oval,99.7800,oval,99.7805,YES,0.0005
oval (289).jpg,oval,oval,99.9999,oval,99.9999,YES,0.0000
oval (290).jpg,oval,oval,99.9848,oval,99.9842,YES,0.0006
oval (291).jpg,oval,oval,99.9993,oval,99.9993,YES,0.0000
oval (292).jpg,oval,oval,97.7208,oval,97.7560,YES,0.0352
oval (293).jpg,oval,oval,99.9968,oval,99.9968,YES,0.0000
oval (294).jpg,oval,oval,99.9981,oval,99.9981,YES,0.0000
oval (295).jpg,oval,oval,97.9287,oval,97.9615,YES,0.0328
oval (296).jpg,oval,oval,99.0885,oval,99.0831,YES,0.0055
oval (299).jpg,oval,oval,99.9899,oval,99.9901,YES,0.0001
oval (306).jpg,oval,oval,78.3165,oval,78.0548,YES,0.2617
oval (32).jpg,oval,oval,99.9946,oval,99.9948,YES,0.0002
oval (350).jpg,oval,oval,99.9779,oval,99.9777,YES,0.0002
oval (357).jpg,oval,oval,99.7400,oval,99.7537,YES,0.0137
oval (365).jpg,oval,oval,95.6622,oval,95.6881,YES,0.0259
oval (369).jpg,oval,oval,50.6124,oval,51.0380,YES,0.4256
oval (370).jpg,oval,oval,99.9989,oval,99.9989,YES,0.0000
oval (371).jpg,oval,oval,99.8933,oval,99.8956,YES,0.0023
oval (372).jpg,oval,oval,99.9973,oval,99.9975,YES,0.0002
oval (373).jpg,oval,oval,99.9993,oval,99.9993,YES,0.0000
oval (377).jpg,oval,oval,99.9999,oval,99.9999,YES,0.0000
oval (378).jpg,oval,oval,99.9843,oval,99.9855,YES,0.0012
oval (379).jpg,oval,oval,99.3588,oval,99.3737,YES,0.0149
oval (381).jpg,oval,oval,99.9990,oval,99.9991,YES,0.0000
oval (382).jpg,oval,oval,91.0195,oval,91.0145,YES,0.0050
oval (383).jpg,oval,oval,99.9999,oval,99.9999,YES,0.0000
oval (384).jpg,oval,oval,99.8467,oval,99.8443,YES,0.0024
oval (385).jpg,oval,oval,99.9996,oval,99.9997,YES,0.0000
oval (386).jpg,oval,oval,79.2953,oval,79.8968,YES,0.6015
oval (387).jpg,oval,oval,99.9999,oval,99.9999,YES,0.0000
oval (388).jpg,oval,oval,99.9894,oval,99.9893,YES,0.0001
oval (389).jpg,oval,oval,97.4657,oval,97.5036,YES,0.0380
oval (390).jpg,oval,oval,97.9096,oval,98.0483,YES,0.1387
oval (391).jpg,oval,oval,74.9408,oval,75.7044,YES,0.7636
oval (392).jpg,oval,oval,84.5473,oval,84.7356,YES,0.1883
oval (393).jpg,oval,oval,98.7244,oval,98.7692,YES,0.0448
oval (394).jpg,oval,oval,96.3225,oval,96.3799,YES,0.0574
oval (395).jpg,oval,oval,98.0517,oval,98.0663,YES,0.0146
oval (397).jpg,oval,heart,99.0502,heart,99.0704,YES,0.0203
oval (398).jpg,oval,round,87.5367,round,87.1444,YES,0.3923
oval (400).jpg,oval,heart,78.7478,heart,78.3486,YES,0.3992
oval (406).jpg,oval,oval,99.9941,oval,99.9943,YES,0.0001
oval (418).jpg,oval,oval,99.9870,oval,99.9867,YES,0.0003
oval (433).jpg,oval,oval,99.9703,oval,99.9708,YES,0.0005
oval (436).jpg,oval,oval,98.8990,oval,98.9255,YES,0.0266
oval (438).jpg,oval,oval,99.9034,oval,99.9014,YES,0.0020
oval (454).jpg,oval,round,80.2118,round,80.0437,YES,0.1681
oval (455).jpg,oval,oval,99.1443,oval,99.1497,YES,0.0054
oval (459).jpg,oval,oval,93.1028,oval,92.7402,YES,0.3626
oval (460).jpg,oval,oval,99.9996,oval,99.9996,YES,0.0000
oval (462).jpg,oval,oval,99.9760,oval,99.9761,YES,0.0001
oval (472).jpg,oval,round,62.0347,round,61.6955,YES,0.3393
oval (482).jpg,oval,oval,99.9759,oval,99.9769,YES,0.0010
oval (484).jpg,oval,oval,99.9970,oval,99.9971,YES,0.0001
oval (49).jpg,oval,oval,98.9477,oval,98.9748,YES,0.0271
oval (494).jpg,oval,oval,88.4459,oval,88.2648,YES,0.1811
oval (502).jpg,oval,oval,99.9888,oval,99.9890,YES,0.0002
oval (506).jpg,oval,oval,99.9661,oval,99.9664,YES,0.0003
oval (507).jpg,oval,oval,99.9997,oval,99.9997,YES,0.0000
oval (508).jpg,oval,oval,80.0111,oval,80.6785,YES,0.6674
oval (509).jpg,oval,oval,99.9997,oval,99.9997,YES,0.0000
oval (51).jpg,oval,oval,99.9987,oval,99.9987,YES,0.0000
oval (510).jpg,oval,oval,99.9970,oval,99.9970,YES,0.0000
oval (511).jpg,oval,oval,98.3546,oval,98.3534,YES,0.0012
oval (512).jpg,oval,oval,99.9997,oval,99.9998,YES,0.0000
oval (513).jpg,oval,oblong,82.2815,oblong,81.7187,YES,0.5628
oval (514).jpg,oval,oval,99.9980,oval,99.9980,YES,0.0000
oval (516).jpg,oval,oval,77.9839,oval,78.2679,YES,0.2840
oval (517).jpg,oval,oval,99.9990,oval,99.9991,YES,0.0001
oval (518).jpg,oval,oval,99.9998,oval,99.9998,YES,0.0000
oval (519).jpg,oval,oval,99.9870,oval,99.9865,YES,0.0005
oval (520).jpg,oval,oval,99.9985,oval,99.9985,YES,0.0000
oval (521).jpg,oval,heart,92.3353,heart,92.3400,YES,0.0047
oval (523).jpg,oval,oval,99.4656,oval,99.4914,YES,0.0257
oval (524).jpg,oval,oval,100.0000,oval,100.0000,YES,0.0000
oval (525).jpg,oval,oval,99.9161,oval,99.9188,YES,0.0027
oval (526).jpg,oval,oval,99.9961,oval,99.9960,YES,0.0000
oval (527).jpg,oval,oval,99.9992,oval,99.9992,YES,0.0000
oval (528).jpg,oval,oval,60.9488,oval,60.9725,YES,0.0238
oval (531).jpg,oval,oval,66.5077,oval,66.4443,YES,0.0634
oval (549).jpg,oval,oval,99.9939,oval,99.9939,YES,0.0000
oval (554).jpg,oval,round,59.1415,round,58.7033,YES,0.4382
oval (566).jpg,oval,oval,96.8779,oval,96.8388,YES,0.0391
oval (575).jpg,oval,oval,100.0000,oval,100.0000,YES,0.0000
oval (579).jpg,oval,oval,99.9999,oval,99.9999,YES,0.0000
oval (583).jpg,oval,oval,99.9982,oval,99.9982,YES,0.0000
oval (594).jpg,oval,oval,99.8897,oval,99.8919,YES,0.0022
oval (598).jpg,oval,oval,99.9991,oval,99.9991,YES,0.0000
oval (606).jpg,oval,oval,41.7597,oval,41.9438,YES,0.1842
oval (613).jpg,oval,oval,98.1316,oval,98.3161,YES,0.1845
oval (615).jpg,oval,oval,99.5336,oval,99.5403,YES,0.0067
oval (616).jpg,oval,oval,91.3796,oval,91.7816,YES,0.4019
oval (618).jpg,oval,oval,99.9964,oval,99.9965,YES,0.0000
oval (627).jpg,oval,oval,95.9308,oval,96.0064,YES,0.0756
oval (648).jpg,oval,oval,99.2784,oval,99.2723,YES,0.0061
oval (650).jpg,oval,oval,99.9435,oval,99.9449,YES,0.0013
oval (651).jpg,oval,oval,99.9587,oval,99.9596,YES,0.0009
oval (652).jpg,oval,oval,99.7548,oval,99.7568,YES,0.0020
oval (653).jpg,oval,oval,100.0000,oval,100.0000,YES,0.0000
oval (654).jpg,oval,oval,99.9809,oval,99.9812,YES,0.0003
oval (655).jpg,oval,oval,99.8957,oval,99.8958,YES,0.0002
oval (656).jpg,oval,oval,71.0957,oval,71.5344,YES,0.4387
oval (658).jpg,oval,oval,99.8044,oval,99.8073,YES,0.0028
oval (661).jpg,oval,round,84.8518,round,84.7310,YES,0.1208
oval (662).jpg,oval,round,99.9461,round,99.9431,YES,0.0029
oval (663).jpg,oval,oval,97.8681,oval,97.8685,YES,0.0004
oval (664).jpg,oval,oval,80.6466,oval,80.8628,YES,0.2162
oval (673).jpg,oval,oblong,78.2586,oblong,78.3126,YES,0.0540
oval (674).jpg,oval,round,59.5787,round,59.3267,YES,0.2520
oval (675).jpg,oval,oval,99.9631,oval,99.9636,YES,0.0005
oval (676).jpg,oval,heart,98.0920,heart,98.0659,YES,0.0261
oval (677).jpg,oval,oval,99.8770,oval,99.8798,YES,0.0028
oval (679).jpg,oval,round,99.7829,round,99.7663,YES,0.0167
oval (680).jpg,oval,round,99.7716,round,99.7741,YES,0.0025
oval (681).jpg,oval,round,99.9803,round,99.9807,YES,0.0003
oval (682).jpg,oval,round,99.4373,round,99.4040,YES,0.0333
oval (683).jpg,oval,oblong,91.9713,oblong,91.5942,YES,0.3771
oval (684).jpg,oval,oval,98.1668,oval,98.2714,YES,0.1046
oval (686).jpg,oval,round,99.9518,round,99.9518,YES,0.0000
oval (687).jpg,oval,round,99.4884,round,99.4921,YES,0.0037
oval (688).jpg,oval,round,49.4548,round,49.9326,YES,0.4778
oval (689).jpg,oval,oval,99.7515,oval,99.7569,YES,0.0054
oval (690).jpg,oval,oval,99.9131,oval,99.9150,YES,0.0019
oval (691).jpg,oval,round,99.9756,round,99.9753,YES,0.0003
oval (692).jpg,oval,oval,99.9990,oval,99.9991,YES,0.0000
oval (693).jpg,oval,oblong,98.5982,oblong,98.6039,YES,0.0057
oval (694).jpg,oval,oval,74.4723,oval,75.1803,YES,0.7080
oval (695).jpg,oval,round,99.9656,round,99.9663,YES,0.0007
oval (696).jpg,oval,oval,53.0981,oval,54.0336,YES,0.9354
oval (697).jpg,oval,square,83.6258,square,83.6098,YES,0.0160
oval (698).jpg,oval,oval,99.6529,oval,99.6715,YES,0.0186
oval (699).jpg,oval,oblong,54.6981,oblong,54.0867,YES,0.6115
oval (703).jpg,oval,round,59.0909,round,58.6466,YES,0.4443
oval (704).jpg,oval,round,57.0425,round,57.3423,YES,0.2998
oval (73).jpg,oval,oval,99.7903,oval,99.7876,YES,0.0027
oval (77).jpg,oval,oval,99.8134,oval,99.8156,YES,0.0023
oval (770).jpg,oval,oval,99.6154,oval,99.6326,YES,0.0172
oval (772).jpg,oval,oval,99.8775,oval,99.8779,YES,0.0003
oval (793).jpg,oval,oval,99.9983,oval,99.9983,YES,0.0000
oval (798).jpg,oval,oval,89.0738,oval,89.1772,YES,0.1034
oval (799).jpg,oval,oval,99.5392,oval,99.5238,YES,0.0154
oval (8).jpg,oval,oval,99.9172,oval,99.9206,YES,0.0034
oval (804).jpg,oval,oval,97.7599,oval,97.7495,YES,0.0104
oval (833).jpg,oval,oval,99.1331,oval,99.1367,YES,0.0035
oval (836).jpg,oval,oval,99.9992,oval,99.9992,YES,0.0000
oval (852).jpg,oval,oval,99.9991,oval,99.9991,YES,0.0000
oval (882).jpg,oval,oval,99.9908,oval,99.9915,YES,0.0006
oval (885).jpg,oval,oval,99.9970,oval,99.9972,YES,0.0002
oval (886).jpg,oval,oval,99.9909,oval,99.9913,YES,0.0004
oval (888).jpg,oval,oval,99.4536,oval,99.4839,YES,0.0303
oval (896).jpg,oval,oval,78.0545,oval,77.8635,YES,0.1910
oval (904).jpg,oval,oval,95.1798,oval,95.2980,YES,0.1182
oval (906).jpg,oval,oval,96.6324,oval,96.6777,YES,0.0454
oval (912).jpg,oval,oval,99.9967,oval,99.9967,YES,0.0000
oval (988).jpg,oval,oval,99.9784,oval,99.9788,YES,0.0004
oval (994).jpg,oval,oval,99.8721,oval,99.8752,YES,0.0032
round (1).jpg,round,round,99.9246,round,99.9229,YES,0.0017
round (1000).jpg,round,round,61.1917,round,62.1547,YES,0.9630
round (11).jpg,round,oval,40.1414,oval,40.4386,YES,0.2972
round (12).jpg,round,round,99.8850,round,99.8867,YES,0.0018
round (13).jpg,round,oval,86.9276,oval,87.1459,YES,0.2182
round (135).jpg,round,round,99.8956,round,99.8969,YES,0.0013
round (14).jpg,round,oval,99.9153,oval,99.9176,YES,0.0023
round (144).jpg,round,oval,98.7251,oval,98.7620,YES,0.0369
round (149).jpg,round,round,99.9958,round,99.9958,YES,0.0001
round (15).jpg,round,round,99.9999,round,99.9999,YES,0.0000
round (152).jpg,round,round,99.9986,round,99.9985,YES,0.0000
round (153).jpg,round,round,75.8624,round,75.9268,YES,0.0644
round (154).jpg,round,round,97.8358,round,97.7419,YES,0.0939
round (157).jpg,round,round,99.9578,round,99.9576,YES,0.0002
round (158).jpg,round,round,99.9999,round,99.9999,YES,0.0000
round (159).jpg,round,round,54.7169,round,53.8538,YES,0.8631
round (160).jpg,round,heart,47.4776,heart,46.8297,YES,0.6478
round (161).jpg,round,round,99.9428,round,99.9407,YES,0.0021
round (162).jpg,round,round,69.7209,round,69.2215,YES,0.4993
round (17).jpg,round,oval,50.4010,oval,50.9622,YES,0.5612
round (18).jpg,round,round,99.3756,round,99.3861,YES,0.0105
round (189).jpg,round,round,99.9974,round,99.9973,YES,0.0000
round (19).jpg,round,round,94.4446,round,94.4763,YES,0.0317
round (2).jpg,round,round,99.9978,round,99.9978,YES,0.0000
round (20).jpg,round,round,64.1140,round,64.1130,YES,0.0010
round (213).jpg,round,round,99.9835,round,99.9837,YES,0.0002
round (22).jpg,round,round,99.4856,round,99.4855,YES,0.0001
round (23).jpg,round,round,76.3568,round,76.5029,YES,0.1461
round (24).jpg,round,oval,68.3614,oval,68.3826,YES,0.0213
round (260).jpg,round,round,99.9967,round,99.9967,YES,0.0000
round (261).jpg,round,round,99.9823,round,99.9826,YES,0.0002
round (262).jpg,round,round,100.0000,round,100.0000,YES,0.0000
round (263).jpg,round,round,99.9994,round,99.9994,YES,0.0000
round (264).jpg,round,round,99.9985,round,99.9985,YES,0.0000
round (265).jpg,round,round,99.3525,round,99.3661,YES,0.0136
round (267).jpg,round,round,99.9642,round,99.9657,YES,0.0014
round (268).jpg,round,round,99.9880,round,99.9883,YES,0.0004
round (269).jpg,round,round,99.9094,round,99.9106,YES,0.0013
round (270).jpg,round,round,99.6651,round,99.6519,YES,0.0132
round (271).jpg,round,round,99.9936,round,99.9935,YES,0.0001
round (272).jpg,round,round,99.8920,round,99.8924,YES,0.0004
round (273).jpg,round,round,99.9990,round,99.9990,YES,0.0000
round (274).jpg,round,round,98.7337,round,98.7064,YES,0.0273
round (275).jpg,round,round,99.9973,round,99.9972,YES,0.0000
round (276).jpg,round,round,100.0000,round,100.0000,YES,0.0000
round (279).jpg,round,round,99.9999,round,99.9999,YES,0.0000
round (281).jpg,round,round,99.5795,round,99.5737,YES,0.0058
round (295).jpg,round,round,90.7012,round,90.8794,YES,0.1782
round (299).jpg,round,round,86.8798,round,86.8900,YES,0.0101
round (3).jpg,round,round,99.9996,round,99.9996,YES,0.0000
round (313).jpg,round,round,99.9981,round,99.9981,YES,0.0000
round (330).jpg,round,round,99.9696,round,99.9703,YES,0.0007
round (349).jpg,round,round,98.7747,round,98.7641,YES,0.0106
round (350).jpg,round,heart,54.4179,heart,54.5898,YES,0.1719
round (351).jpg,round,round,99.3100,round,99.3270,YES,0.0170
round (352).jpg,round,round,98.8948,round,98.8723,YES,0.0225
round (353).jpg,round,round,99.9916,round,99.9917,YES,0.0001
round (354).jpg,round,round,99.6261,round,99.6244,YES,0.0017
round (355).jpg,round,round,99.4551,round,99.4594,YES,0.0043
round (356).jpg,round,round,99.9970,round,99.9970,YES,0.0000
round (357).jpg,round,round,99.9962,round,99.9962,YES,0.0000
round (358).jpg,round,round,99.9997,round,99.9997,YES,0.0000
round (359).jpg,round,round,99.9937,round,99.9937,YES,0.0000
round (360).jpg,round,round,98.0819,round,98.1024,YES,0.0206
round (367).jpg,round,oblong,50.8387,oblong,52.8948,YES,2.0561
round (368).jpg,round,round,99.9996,round,99.9996,YES,0.0000
round (373).jpg,round,round,97.0708,round,97.0186,YES,0.0522
round (386).jpg,round,round,99.9956,round,99.9957,YES,0.0000
round (388).jpg,round,round,99.9950,round,99.9951,YES,0.0001
round (396).jpg,round,round,99.9988,round,99.9988,YES,0.0000
round (4).jpg,round,oval,98.0581,oval,98.1352,YES,0.0772
round (421).jpg,round,round,99.8058,round,99.8079,YES,0.0022
round (422).jpg,round,oval,79.5927,oval,79.9670,YES,0.3743
round (423).jpg,round,round,99.9539,round,99.9565,YES,0.0026
round (424).jpg,round,round,97.9504,round,97.8303,YES,0.1201
round (425).jpg,round,round,99.9701,round,99.9701,YES,0.0000
round (426).jpg,round,round,88.4241,round,88.3149,YES,0.1092
round (427).jpg,round,round,99.9905,round,99.9907,YES,0.0002
round (428).jpg,round,square,97.5609,square,97.5600,YES,0.0009
round (429).jpg,round,round,99.9991,round,99.9991,YES,0.0000
round (430).jpg,round,round,99.4601,round,99.4623,YES,0.0023
round (431).jpg,round,round,99.9983,round,99.9983,YES,0.0000
round (432).jpg,round,round,96.2092,round,96.2798,YES,0.0706
round (433).jpg,round,round,79.8934,round,80.9742,YES,1.0809
round (434).jpg,round,round,99.9792,round,99.9786,YES,0.0005
round (435).jpg,round,round,99.9989,round,99.9989,YES,0.0000
round (436).jpg,round,oval,52.8122,oval,53.2866,YES,0.4744
round (437).jpg,round,round,99.5927,round,99.6088,YES,0.0161
round (438).jpg,round,round,99.7867,round,99.7851,YES,0.0016
round (454).jpg,round,round,99.9962,round,99.9962,YES,0.0000
round (464).jpg,round,oval,77.2520,oval,77.1181,YES,0.1340
round (467).jpg,round,round,99.6936,round,99.6982,YES,0.0046
round (475).jpg,round,round,80.0519,round,80.3257,YES,0.2739
round (480).jpg,round,round,91.1767,round,91.0405,YES,0.1362
round (486).jpg,round,round,99.6016,round,99.6016,YES,0.0000
round (5).jpg,round,round,99.9985,round,99.9985,YES,0.0000
round (511).jpg,round,round,99.9962,round,99.9962,YES,0.0000
round (512).jpg,round,round,99.8693,round,99.8698,YES,0.0005
round (513).jpg,round,round,100.0000,round,100.0000,YES,0.0000
round (514).jpg,round,round,99.9840,round,99.9836,YES,0.0004
round (515).jpg,round,oblong,83.7514,oblong,83.8149,YES,0.0635
round (516).jpg,round,round,99.9999,round,99.9999,YES,0.0000
round (517).jpg,round,round,99.6475,round,99.6590,YES,0.0115
round (518).jpg,round,round,93.0585,round,92.8052,YES,0.2534
round (519).jpg,round,round,99.9977,round,99.9978,YES,0.0000
round (520).jpg,round,round,95.2479,round,95.4660,YES,0.2181
round (521).jpg,round,round,98.4231,round,98.3958,YES,0.0274
round (522).jpg,round,round,99.9787,round,99.9785,YES,0.0002
round (563).jpg,round,oval,44.3764,oval,44.4414,YES,0.0650
round (567).jpg,round,oval,90.2191,oval,90.5357,YES,0.3166
round (569).jpg,round,round,100.0000,round,100.0000,YES,0.0000
round (596).jpg,round,round,99.9524,round,99.9514,YES,0.0010
round (597).jpg,round,round,84.5388,round,84.1311,YES,0.4077
round (598).jpg,round,round,93.4379,round,93.3989,YES,0.0389
round (599).jpg,round,round,99.9675,round,99.9666,YES,0.0009
round (6).jpg,round,round,99.9500,round,99.9506,YES,0.0007
round (600).jpg,round,round,99.8414,round,99.8418,YES,0.0004
round (602).jpg,round,round,80.4064,round,79.7748,YES,0.6316
round (603).jpg,round,round,99.9876,round,99.9875,YES,0.0001
round (604).jpg,round,round,92.3415,round,92.4159,YES,0.0743
round (605).jpg,round,round,97.9972,round,98.1009,YES,0.1037
round (606).jpg,round,round,98.6738,round,98.6439,YES,0.0299
round (608).jpg,round,round,50.9022,round,51.0181,YES,0.1158
round (609).jpg,round,round,99.0276,round,99.0105,YES,0.0171
round (61).jpg,round,round,99.9986,round,99.9986,YES,0.0000
round (610).jpg,round,round,99.9391,round,99.9381,YES,0.0010
round (611).jpg,round,round,99.9869,round,99.9871,YES,0.0003
round (612).jpg,round,round,99.9210,round,99.9222,YES,0.0012
round (675).jpg,round,round,98.2957,round,98.2147,YES,0.0809
round (68).jpg,round,round,99.9971,round,99.9971,YES,0.0000
round (7).jpg,round,round,99.9475,round,99.9484,YES,0.0009
round (725).jpg,round,round,99.9985,round,99.9986,YES,0.0001
round (739).jpg,round,round,99.9667,round,99.9675,YES,0.0008
round (740).jpg,round,round,76.4293,round,76.1204,YES,0.3089
round (741).jpg,round,round,99.9914,round,99.9917,YES,0.0003
round (742).jpg,round,round,99.9998,round,99.9998,YES,0.0000
round (743).jpg,round,round,99.9771,round,99.9775,YES,0.0004
round (744).jpg,round,round,99.9990,round,99.9990,YES,0.0000
round (745).jpg,round,round,99.9987,round,99.9987,YES,0.0000
round (746).jpg,round,round,99.9952,round,99.9953,YES,0.0001
round (747).jpg,round,round,99.9985,round,99.9985,YES,0.0000
round (748).jpg,round,round,99.8894,round,99.8939,YES,0.0045
round (749).jpg,round,round,99.9983,round,99.9983,YES,0.0000
round (750).jpg,round,round,99.9983,round,99.9983,YES,0.0000
round (79).jpg,round,round,99.9463,round,99.9449,YES,0.0014
round (8).jpg,round,round,99.9887,round,99.9887,YES,0.0001
round (80).jpg,round,round,97.6857,round,97.6332,YES,0.0525
round (83).jpg,round,round,99.9766,round,99.9767,YES,0.0001
round (84).jpg,round,round,99.9600,round,99.9617,YES,0.0017
round (85).jpg,round,round,99.9997,round,99.9997,YES,0.0000
round (861).jpg,round,round,99.9907,round,99.9906,YES,0.0001
round (862).jpg,round,round,79.8996,round,79.4302,YES,0.4694
round (87).jpg,round,round,99.9999,round,99.9999,YES,0.0000
round (88).jpg,round,round,99.9974,round,99.9974,YES,0.0000
round (889).jpg,round,round,97.6807,round,97.6337,YES,0.0470
round (89).jpg,round,round,99.9637,round,99.9632,YES,0.0004
round (890).jpg,round,round,99.8351,round,99.8384,YES,0.0034
round (891).jpg,round,round,99.4591,round,99.4522,YES,0.0069
round (892).jpg,round,round,98.6230,round,98.6230,YES,0.0000
round (894).jpg,round,round,98.9194,round,98.9614,YES,0.0421
round (895).jpg,round,round,98.5450,round,98.5445,YES,0.0005
round (896).jpg,round,square,99.9301,square,99.9316,YES,0.0015
round (897).jpg,round,round,98.2239,round,98.2532,YES,0.0293
round (898).jpg,round,oval,70.5645,oval,70.9682,YES,0.4038
round (899).jpg,round,heart,52.3634,heart,53.4265,YES,1.0631
round (90).jpg,round,square,84.5123,square,83.9617,YES,0.5506
round (900).jpg,round,oval,83.4601,oval,83.8976,YES,0.4375
round (91).jpg,round,round,98.6965,round,98.6769,YES,0.0195
round (92).jpg,round,round,99.9998,round,99.9998,YES,0.0000
round (94).jpg,round,round,83.3664,round,83.3040,YES,0.0624
round (944).jpg,round,round,99.9325,round,99.9306,YES,0.0019
round (945).jpg,round,round,99.9960,round,99.9961,YES,0.0001
round (947).jpg,round,square,91.7057,square,91.4624,YES,0.2433
round (948).jpg,round,round,99.3316,round,99.3415,YES,0.0099
round (95).jpg,round,round,99.8501,round,99.8499,YES,0.0002
round (950).jpg,round,round,54.3395,round,54.5008,YES,0.1613
round (951).jpg,round,round,99.6605,round,99.6532,YES,0.0073
round (952).jpg,round,round,99.9793,round,99.9787,YES,0.0006
round (953).jpg,round,round,99.0229,round,99.0245,YES,0.0016
round (954).jpg,round,round,88.4188,round,88.5313,YES,0.1125
round (96).jpg,round,round,99.9691,round,99.9691,YES,0.0000
round (97).jpg,round,round,99.9940,round,99.9940,YES,0.0000
round (979).jpg,round,round,70.9913,round,71.0259,YES,0.0345
round (980).jpg,round,round,99.9989,round,99.9989,YES,0.0000
round (981).jpg,round,round,99.9986,round,99.9986,YES,0.0000
round (982).jpg,round,round,78.3821,round,78.9035,YES,0.5214
round (984).jpg,round,round,99.9956,round,99.9956,YES,0.0001
round (985).jpg,round,round,96.8447,round,96.9074,YES,0.0627
round (986).jpg,round,round,99.9915,round,99.9914,YES,0.0000
round (987).jpg,round,round,99.8368,round,99.8416,YES,0.0048
round (988).jpg,round,round,94.1613,round,94.0918,YES,0.0695
round (989).jpg,round,round,99.8904,round,99.8889,YES,0.0015
round (990).jpg,round,round,99.9985,round,99.9985,YES,0.0000
round (991).jpg,round,round,97.6799,round,97.6065,YES,0.0734
round (992).jpg,round,round,99.9980,round,99.9980,YES,0.0000
round (993).jpg,round,round,98.3186,round,98.3137,YES,0.0048
round (994).jpg,round,oval,98.5335,oval,98.5726,YES,0.0392
round (995).jpg,round,round,98.0321,round,98.0711,YES,0.0390
round (996).jpg,round,round,99.9933,round,99.9928,YES,0.0005
round (999).jpg,round,round,88.3540,round,88.0700,YES,0.2840
square (1).jpg,square,square,89.3384,square,89.2908,YES,0.0476
square (12).jpg,square,square,99.9310,square,99.9311,YES,0.0000
square (13).jpg,square,square,100.0000,square,100.0000,YES,0.0000
square (146).jpg,square,square,93.6833,square,93.6372,YES,0.0461
square (147).jpg,square,square,99.7525,square,99.7467,YES,0.0058
square (148).jpg,square,square,98.7537,square,98.7301,YES,0.0236
square (149).jpg,square,square,91.3727,square,91.4090,YES,0.0363
square (15).jpg,square,square,99.6349,square,99.6374,YES,0.0025
square (150).jpg,square,square,99.9974,square,99.9974,YES,0.0001
square (151).jpg,square,square,99.9997,square,99.9997,YES,0.0000
square (152).jpg,square,square,99.9996,square,99.9996,YES,0.0000
square (153).jpg,square,square,99.9996,square,99.9996,YES,0.0000
square (154).jpg,square,square,99.9866,square,99.9863,YES,0.0003
square (155).jpg,square,square,99.9988,square,99.9988,YES,0.0000
square (156).jpg,square,heart,54.5304,heart,54.4510,YES,0.0794
square (158).jpg,square,square,100.0000,square,100.0000,YES,0.0000
square (159).jpg,square,square,99.5085,square,99.5103,YES,0.0018
square (16).jpg,square,square,64.7419,square,64.6103,YES,0.1316
square (160).jpg,square,square,100.0000,square,100.0000,YES,0.0000
square (161).jpg,square,square,99.9966,square,99.9966,YES,0.0000
square (162).jpg,square,square,99.5146,square,99.5235,YES,0.0089
square (17).jpg,square,square,50.9425,square,50.8234,YES,0.1191
square (2).jpg,square,square,99.9958,square,99.9958,YES,0.0000
square (201).jpg,square,square,99.9997,square,99.9997,YES,0.0000
square (223).jpg,square,oblong,55.7401,oblong,55.1657,YES,0.5744
square (224).jpg,square,square,99.9964,square,99.9965,YES,0.0001
square (225).jpg,square,square,99.9821,square,99.9827,YES,0.0007
square (227).jpg,square,square,99.9999,square,99.9999,YES,0.0000
square (229).jpg,square,square,100.0000,square,100.0000,YES,0.0000
square (230).jpg,square,square,99.9991,square,99.9991,YES,0.0000
square (232).jpg,square,square,99.9914,square,99.9914,YES,0.0000
square (234).jpg,square,square,99.9846,square,99.9847,YES,0.0001
square (235).jpg,square,square,99.9196,square,99.9168,YES,0.0028
square (236).jpg,square,square,96.7801,square,96.7423,YES,0.0378
square (237).jpg,square,square,96.4757,square,96.4251,YES,0.0506
square (238).jpg,square,square,99.9994,square,99.9994,YES,0.0000
square (239).jpg,square,square,99.9910,square,99.9910,YES,0.0000
square (24).jpg,square,square,99.9904,square,99.9904,YES,0.0000
square (240).jpg,square,square,99.9810,square,99.9815,YES,0.0005
square (241).jpg,square,square,99.7049,square,99.7013,YES,0.0036
square (251).jpg,square,square,99.9862,square,99.9857,YES,0.0005
square (295).jpg,square,square,99.9533,square,99.9552,YES,0.0019
square (296).jpg,square,square,99.9997,square,99.9997,YES,0.0000
square (297).jpg,square,square,99.3650,square,99.3784,YES,0.0135
square (298).jpg,square,square,99.9985,square,99.9985,YES,0.0000
square (299).jpg,square,square,99.9961,square,99.9961,YES,0.0000
square (300).jpg,square,square,99.9956,square,99.9956,YES,0.0000
square (301).jpg,square,square,99.9991,square,99.9992,YES,0.0000
square (302).jpg,square,square,99.9990,square,99.9990,YES,0.0000
square (303).jpg,square,square,99.9477,square,99.9475,YES,0.0002
square (304).jpg,square,square,99.6971,square,99.6900,YES,0.0071
square (305).jpg,square,oblong,99.7745,oblong,99.7746,YES,0.0001
square (306).jpg,square,square,94.4253,square,94.4149,YES,0.0104
square (324).jpg,square,square,99.9984,square,99.9984,YES,0.0000
square (328).jpg,square,square,99.5222,square,99.5332,YES,0.0110
square (362).jpg,square,square,100.0000,square,100.0000,YES,0.0000
square (369).jpg,square,square,99.9995,square,99.9995,YES,0.0000
square (370).jpg,square,square,99.9999,square,99.9999,YES,0.0000
square (380).jpg,square,square,100.0000,square,100.0000,YES,0.0000
square (391).jpg,square,square,98.5480,square,98.5482,YES,0.0002
square (403).jpg,square,square,94.7262,square,94.4769,YES,0.2493
square (404).jpg,square,square,99.8992,square,99.8985,YES,0.0007
square (405).jpg,square,square,99.5056,square,99.5038,YES,0.0018
square (406).jpg,square,square,99.9993,square,99.9993,YES,0.0000
square (407).jpg,square,oblong,72.3372,oblong,72.2468,YES,0.0904
square (408).jpg,square,square,99.6451,square,99.6380,YES,0.0071
square (409).jpg,square,square,98.2674,square,98.2031,YES,0.0643
square (411).jpg,square,square,99.9969,square,99.9968,YES,0.0001
square (412).jpg,square,square,97.4167,square,97.4708,YES,0.0541
square (414).jpg,square,square,99.9736,square,99.9716,YES,0.0020
square (415).jpg,square,square,99.9895,square,99.9899,YES,0.0004
square (417).jpg,square,square,99.9984,square,99.9984,YES,0.0000
square (418).jpg,square,square,99.8202,square,99.8170,YES,0.0032
square (419).jpg,square,square,99.9997,square,99.9997,YES,0.0000
square (420).jpg,square,square,99.9993,square,99.9993,YES,0.0000
square (446).jpg,square,oblong,51.2766,oblong,51.2044,YES,0.0722
square (447).jpg,square,square,99.9678,square,99.9685,YES,0.0008
square (457).jpg,square,square,99.9992,square,99.9992,YES,0.0000
square (458).jpg,square,square,96.5744,square,96.5279,YES,0.0465
square (459).jpg,square,square,99.7170,square,99.7031,YES,0.0139
square (460).jpg,square,square,99.9998,square,99.9998,YES,0.0000
square (461).jpg,square,square,99.9220,square,99.9271,YES,0.0050
square (462).jpg,square,round,83.6111,round,83.8217,YES,0.2106
square (463).jpg,square,square,99.6671,square,99.6636,YES,0.0035
square (464).jpg,square,square,99.9998,square,99.9998,YES,0.0000
square (465).jpg,square,square,90.2307,square,90.0737,YES,0.1570
square (467).jpg,square,square,99.9998,square,99.9998,YES,0.0000
square (468).jpg,square,square,99.9908,square,99.9906,YES,0.0003
square (469).jpg,square,square,99.9977,square,99.9976,YES,0.0001
square (470).jpg,square,square,99.9998,square,99.9998,YES,0.0000
square (472).jpg,square,square,99.2592,square,99.2691,YES,0.0099
square (473).jpg,square,square,99.9939,square,99.9940,YES,0.0001
square (474).jpg,square,square,99.9998,square,99.9998,YES,0.0000
square (486).jpg,square,square,99.9993,square,99.9993,YES,0.0000
square (5).jpg,square,square,99.9978,square,99.9977,YES,0.0001
square (503).jpg,square,square,99.9994,square,99.9993,YES,0.0000
square (507).jpg,square,square,99.9483,square,99.9490,YES,0.0007
square (511).jpg,square,square,99.9746,square,99.9743,YES,0.0003
square (512).jpg,square,square,98.6185,square,98.6483,YES,0.0297
square (514).jpg,square,square,99.9996,square,99.9996,YES,0.0000
square (515).jpg,square,square,100.0000,square,100.0000,YES,0.0000
square (516).jpg,square,square,99.9048,square,99.9064,YES,0.0016
square (517).jpg,square,square,98.6476,square,98.6412,YES,0.0064
square (518).jpg,square,square,99.9992,square,99.9992,YES,0.0000
square (519).jpg,square,square,99.9981,square,99.9981,YES,0.0000
square (520).jpg,square,square,99.9983,square,99.9983,YES,0.0000
square (521).jpg,square,square,80.0117,square,79.8686,YES,0.1431
square (522).jpg,square,square,100.0000,square,100.0000,YES,0.0000
square (523).jpg,square,square,99.9964,square,99.9964,YES,0.0000
square (524).jpg,square,square,99.9946,square,99.9948,YES,0.0001
square (525).jpg,square,square,99.9989,square,99.9989,YES,0.0000
square (526).jpg,square,square,99.9999,square,99.9999,YES,0.0000
square (527).jpg,square,square,99.9862,square,99.9862,YES,0.0000
square (528).jpg,square,square,99.9714,square,99.9720,YES,0.0006
square (535).jpg,square,square,99.9847,square,99.9845,YES,0.0002
square (551).jpg,square,square,99.8478,square,99.8466,YES,0.0012
square (56).jpg,square,square,99.9986,square,99.9986,YES,0.0000
square (57).jpg,square,square,99.9999,square,99.9999,YES,0.0000
square (58).jpg,square,square,99.9641,square,99.9638,YES,0.0003
square (59).jpg,square,square,99.9554,square,99.9551,YES,0.0003
square (6).jpg,square,square,99.8857,square,99.8868,YES,0.0011
square (60).jpg,square,square,100.0000,square,100.0000,YES,0.0000
square (600).jpg,square,square,99.9718,square,99.9712,YES,0.0006
square (61).jpg,square,square,99.9986,square,99.9987,YES,0.0000
square (619).jpg,square,square,99.9964,square,99.9965,YES,0.0001
square (62).jpg,square,square,98.5679,square,98.5456,YES,0.0224
square (621).jpg,square,round,89.4992,round,89.3330,YES,0.1662
square (622).jpg,square,square,98.0569,square,98.0883,YES,0.0314
square (623).jpg,square,square,96.0904,square,96.0811,YES,0.0093
square (624).jpg,square,square,99.9996,square,99.9996,YES,0.0000
square (625).jpg,square,square,99.9998,square,99.9998,YES,0.0000
square (626).jpg,square,square,99.9997,square,99.9998,YES,0.0000
square (627).jpg,square,square,99.7622,square,99.7633,YES,0.0012
square (629).jpg,square,square,94.3486,square,94.2912,YES,0.0573
square (63).jpg,square,square,99.8184,square,99.8227,YES,0.0043
square (630).jpg,square,square,99.8139,square,99.7978,YES,0.0161
square (631).jpg,square,oblong,89.8564,oblong,89.5537,YES,0.3027
square (633).jpg,square,square,99.9995,square,99.9995,YES,0.0000
square (634).jpg,square,square,90.4440,square,90.3410,YES,0.1030
square (635).jpg,square,square,98.8768,square,98.8591,YES,0.0176
square (636).jpg,square,square,100.0000,square,100.0000,YES,0.0000
square (65).jpg,square,square,99.9992,square,99.9992,YES,0.0000
square (66).jpg,square,square,99.9998,square,99.9998,YES,0.0000
square (67).jpg,square,square,100.0000,square,100.0000,YES,0.0000
square (673).jpg,square,square,99.9998,square,99.9998,YES,0.0000
square (674).jpg,square,square,90.9946,square,91.2103,YES,0.2156
square (675).jpg,square,square,86.3144,square,86.0197,YES,0.2947
square (676).jpg,square,oblong,63.8919,oblong,63.4993,YES,0.3926
square (677).jpg,square,square,99.9742,square,99.9738,YES,0.0004
square (678).jpg,square,square,98.6654,square,98.6308,YES,0.0347
square (679).jpg,square,square,99.9981,square,99.9981,YES,0.0000
square (68).jpg,square,square,99.9781,square,99.9781,YES,0.0000
square (680).jpg,square,round,98.5741,round,98.5572,YES,0.0170
square (681).jpg,square,round,53.0469,round,52.4860,YES,0.5609
square (682).jpg,square,round,95.3680,round,95.3879,YES,0.0199
square (683).jpg,square,square,99.4279,square,99.4331,YES,0.0052
square (684).jpg,square,square,85.3148,square,85.1668,YES,0.1480
square (685).jpg,square,square,100.0000,square,100.0000,YES,0.0000
square (686).jpg,square,square,62.2749,square,61.8144,YES,0.4606
square (687).jpg,square,square,100.0000,square,100.0000,YES,0.0000
square (688).jpg,square,square,99.9998,square,99.9998,YES,0.0000
square (689).jpg,square,square,99.9996,square,99.9996,YES,0.0000
square (69).jpg,square,square,99.4130,square,99.3899,YES,0.0231
square (690).jpg,square,square,100.0000,square,100.0000,YES,0.0000
square (7).jpg,square,square,99.6315,square,99.6293,YES,0.0022
square (71).jpg,square,square,99.8650,square,99.8671,YES,0.0021
square (738).jpg,square,square,100.0000,square,100.0000,YES,0.0000
square (757).jpg,square,square,99.9045,square,99.9023,YES,0.0022
square (763).jpg,square,square,99.9906,square,99.9908,YES,0.0003
square (764).jpg,square,square,99.9883,square,99.9883,YES,0.0000
square (765).jpg,square,square,100.0000,square,100.0000,YES,0.0000
square (766).jpg,square,square,99.9956,square,99.9957,YES,0.0001
square (767).jpg,square,square,99.9998,square,99.9998,YES,0.0000
square (768).jpg,square,square,99.9939,square,99.9938,YES,0.0000
square (769).jpg,square,round,81.2419,round,81.2598,YES,0.0179
square (770).jpg,square,square,99.9789,square,99.9793,YES,0.0004
square (771).jpg,square,square,99.5867,square,99.5930,YES,0.0063
square (772).jpg,square,square,99.9996,square,99.9996,YES,0.0000
square (773).jpg,square,square,99.9680,square,99.9678,YES,0.0002
square (774).jpg,square,square,99.9990,square,99.9991,YES,0.0000
square (788).jpg,square,heart,74.3493,heart,73.9204,YES,0.4288
square (8).jpg,square,square,99.9993,square,99.9993,YES,0.0000
square (824).jpg,square,square,99.9942,square,99.9939,YES,0.0003
square (825).jpg,square,square,99.8374,square,99.8408,YES,0.0034
square (826).jpg,square,square,99.9716,square,99.9717,YES,0.0001
square (827).jpg,square,square,99.9950,square,99.9952,YES,0.0003
square (828).jpg,square,square,99.9988,square,99.9989,YES,0.0000
square (875).jpg,square,square,100.0000,square,100.0000,YES,0.0000
square (899).jpg,square,square,100.0000,square,100.0000,YES,0.0000
square (9).jpg,square,square,99.9318,square,99.9316,YES,0.0002
square (901).jpg,square,square,100.0000,square,100.0000,YES,0.0000
square (902).jpg,square,square,100.0000,square,100.0000,YES,0.0000
square (921).jpg,square,square,92.0449,square,92.0590,YES,0.0141
square (922).jpg,square,square,99.9023,square,99.9002,YES,0.0022
square (925).jpg,square,square,99.9984,square,99.9984,YES,0.0000
square (934).jpg,square,square,99.9968,square,99.9968,YES,0.0000
square (936).jpg,square,square,100.0000,square,100.0000,YES,0.0000
square (940).jpg,square,square,99.9461,square,99.9451,YES,0.0010
square (974).jpg,square,square,99.9983,square,99.9983,YES,0.0000
square (977).jpg,square,square,99.9513,square,99.9519,YES,0.0006
